rmp1,rmp2,rmp3,rmp4,rmp5,rmp6,rmp7,rmp8,rmp9,rmp10,,,,
1.65E-13,7.93E-15,8.43E-15,1.86E-14,1.58E-14,3.12E-15,2.13E-14,1.74E-14,1.98E-14,8.90E-16,,,,
4.77E-13,1.61E-14,4.17E-15,1.95E-14,3.82E-14,1.97E-14,3.15E-14,3.87E-14,7.19E-14,5.68E-14,,,,
1.20E-12,3.80E-14,9.90E-14,1.91E-13,2.04E-13,1.39E-13,2.59E-13,2.53E-13,3.26E-13,3.31E-13,,,,
2.74E-12,1.93E-13,4.49E-13,6.76E-13,7.16E-13,5.06E-13,9.57E-13,8.73E-13,1.05E-12,1.03E-12,,,,
5.78E-12,5.26E-13,1.20E-12,1.91E-12,2.02E-12,1.45E-12,2.73E-12,2.49E-12,3.14E-12,3.04E-12,,,,
9.82E-12,1.30E-12,3.09E-12,4.95E-12,5.10E-12,3.67E-12,6.91E-12,6.29E-12,7.75E-12,7.54E-12,,,,
1.59E-11,2.94E-12,6.95E-12,8.94E-12,9.71E-12,8.23E-12,1.31E-11,1.17E-11,1.43E-11,1.41E-11,,,,
2.45E-11,5.83E-12,1.21E-11,1.82E-11,1.70E-11,1.43E-11,2.39E-11,2.13E-11,2.55E-11,2.51E-11,,,,
3.75E-11,9.45E-12,2.07E-11,3.36E-11,2.83E-11,2.37E-11,3.98E-11,3.55E-11,4.25E-11,4.21E-11,,,,
3.89E-11,1.50E-11,3.28E-11,3.92E-11,4.46E-11,3.72E-11,4.52E-11,4.06E-11,4.79E-11,4.77E-11,,,,
9.64E-10,2.29E-11,4.92E-11,1.24E-09,4.84E-11,4.05E-11,1.53E-09,1.46E-09,1.50E-09,1.70E-09,,,,
2.93E-09,3.34E-11,5.08E-11,4.57E-09,1.45E-09,1.35E-09,5.25E-09,5.47E-09,5.32E-09,6.09E-09,,,,
5.58E-09,4.81E-11,1.39E-09,8.76E-09,5.13E-09,5.22E-09,9.80E-09,1.03E-08,1.00E-08,1.07E-08,,,,
8.69E-09,4.89E-11,4.76E-09,1.23E-08,9.66E-09,1.01E-08,9.30E-09,9.72E-09,9.39E-09,1.54E-08,,,,
1.14E-08,1.27E-09,8.95E-09,1.65E-08,9.18E-09,9.44E-09,1.43E-08,1.47E-08,1.45E-08,2.07E-08,,,,
1.49E-08,4.97E-09,1.32E-08,2.09E-08,1.38E-08,1.48E-08,1.97E-08,2.06E-08,1.99E-08,2.65E-08,,,,
1.85E-08,9.53E-09,1.77E-08,2.57E-08,1.89E-08,2.04E-08,2.56E-08,2.67E-08,2.55E-08,3.25E-08,,,,
2.25E-08,9.07E-09,2.29E-08,3.09E-08,2.45E-08,2.66E-08,3.17E-08,3.30E-08,3.17E-08,3.88E-08,,,,
2.69E-08,1.39E-08,2.85E-08,3.67E-08,3.06E-08,3.28E-08,3.84E-08,4.00E-08,3.86E-08,4.55E-08,,,,
3.17E-08,1.94E-08,3.44E-08,4.28E-08,3.70E-08,3.98E-08,4.56E-08,4.71E-08,4.56E-08,5.27E-08,,,,
3.67E-08,2.58E-08,4.11E-08,4.96E-08,4.39E-08,4.72E-08,5.32E-08,5.49E-08,5.28E-08,6.10E-08,,,,
4.24E-08,3.24E-08,4.83E-08,5.66E-08,5.12E-08,5.48E-08,6.16E-08,6.30E-08,6.08E-08,6.98E-08,,,,
4.88E-08,3.94E-08,5.56E-08,6.44E-08,5.91E-08,6.37E-08,6.97E-08,7.21E-08,6.94E-08,7.85E-08,,,,
5.56E-08,4.69E-08,6.34E-08,7.23E-08,6.76E-08,7.26E-08,7.88E-08,8.13E-08,7.90E-08,8.83E-08,,,,
6.30E-08,5.44E-08,7.20E-08,8.07E-08,7.68E-08,8.13E-08,8.93E-08,9.18E-08,8.86E-08,9.82E-08,,,,
7.09E-08,6.29E-08,8.06E-08,9.01E-08,8.59E-08,9.11E-08,9.96E-08,1.02E-07,9.95E-08,1.08E-07,,,,
7.93E-08,7.15E-08,9.02E-08,1.00E-07,9.58E-08,1.02E-07,1.08E-07,1.10E-07,1.08E-07,1.18E-07,,,,
8.81E-08,8.12E-08,9.97E-08,1.09E-07,1.05E-07,1.11E-07,1.19E-07,1.21E-07,1.20E-07,1.30E-07,,,,
9.78E-08,9.09E-08,1.09E-07,1.20E-07,1.15E-07,1.21E-07,1.31E-07,1.33E-07,1.32E-07,1.42E-07,,,,
1.05E-07,1.02E-07,1.19E-07,1.31E-07,1.26E-07,1.33E-07,1.44E-07,1.45E-07,1.45E-07,1.55E-07,,,,
1.15E-07,1.12E-07,1.31E-07,1.44E-07,1.38E-07,1.47E-07,1.58E-07,1.59E-07,1.59E-07,1.70E-07,,,,
1.26E-07,1.23E-07,1.44E-07,1.56E-07,1.52E-07,1.60E-07,1.72E-07,1.73E-07,1.74E-07,1.85E-07,,,,
1.39E-07,1.36E-07,1.57E-07,1.70E-07,1.66E-07,1.77E-07,1.88E-07,1.88E-07,1.90E-07,2.02E-07,,,,
1.52E-07,1.50E-07,1.71E-07,1.85E-07,1.80E-07,1.92E-07,2.05E-07,2.03E-07,2.06E-07,2.18E-07,,,,
1.66E-07,1.65E-07,1.88E-07,2.00E-07,1.96E-07,2.09E-07,2.22E-07,2.20E-07,2.23E-07,2.36E-07,,,,
1.80E-07,1.80E-07,2.03E-07,2.16E-07,2.12E-07,2.26E-07,2.41E-07,2.38E-07,2.40E-07,2.54E-07,,,,
1.96E-07,1.97E-07,2.20E-07,2.34E-07,2.28E-07,2.44E-07,2.58E-07,2.57E-07,2.61E-07,2.74E-07,,,,
2.11E-07,2.14E-07,2.36E-07,2.53E-07,2.46E-07,2.63E-07,2.78E-07,2.77E-07,2.80E-07,2.93E-07,,,,
2.27E-07,2.33E-07,2.56E-07,2.73E-07,2.65E-07,2.83E-07,2.99E-07,2.96E-07,3.01E-07,3.16E-07,,,,
2.46E-07,2.54E-07,2.75E-07,2.91E-07,2.85E-07,3.03E-07,3.22E-07,3.19E-07,3.23E-07,3.37E-07,,,,
2.64E-07,2.74E-07,2.98E-07,3.13E-07,3.07E-07,3.25E-07,3.45E-07,3.41E-07,3.45E-07,3.61E-07,,,,
2.83E-07,2.96E-07,3.20E-07,3.36E-07,3.30E-07,3.47E-07,3.67E-07,3.64E-07,3.69E-07,3.84E-07,,,,
3.03E-07,3.19E-07,3.41E-07,3.58E-07,3.55E-07,3.71E-07,3.93E-07,3.88E-07,3.93E-07,4.10E-07,,,,
3.26E-07,3.41E-07,3.64E-07,3.82E-07,3.77E-07,3.95E-07,4.17E-07,4.12E-07,4.16E-07,4.38E-07,,,,
3.46E-07,3.67E-07,3.88E-07,4.08E-07,4.02E-07,4.22E-07,4.43E-07,4.38E-07,4.44E-07,4.66E-07,,,,
3.71E-07,3.90E-07,4.17E-07,4.35E-07,4.28E-07,4.46E-07,4.71E-07,4.65E-07,4.71E-07,4.94E-07,,,,
3.94E-07,4.15E-07,4.43E-07,4.58E-07,4.56E-07,4.73E-07,4.99E-07,4.93E-07,5.01E-07,5.24E-07,,,,
4.18E-07,4.45E-07,4.72E-07,4.86E-07,4.86E-07,5.03E-07,5.29E-07,5.26E-07,5.33E-07,5.58E-07,,,,
4.49E-07,4.72E-07,4.97E-07,5.15E-07,5.14E-07,5.32E-07,5.60E-07,5.55E-07,5.65E-07,5.93E-07,,,,
4.76E-07,5.02E-07,5.29E-07,5.48E-07,5.46E-07,5.69E-07,5.96E-07,5.93E-07,6.01E-07,6.29E-07,,,,
5.05E-07,5.31E-07,5.65E-07,5.84E-07,5.82E-07,6.03E-07,6.33E-07,6.28E-07,6.42E-07,6.66E-07,,,,
5.33E-07,5.69E-07,6.01E-07,6.19E-07,6.20E-07,6.39E-07,6.70E-07,6.69E-07,6.78E-07,7.05E-07,,,,
5.66E-07,6.05E-07,6.38E-07,6.58E-07,6.58E-07,6.77E-07,7.10E-07,7.08E-07,7.18E-07,7.44E-07,,,,
6.04E-07,6.42E-07,6.76E-07,6.95E-07,6.98E-07,7.17E-07,7.48E-07,7.49E-07,7.58E-07,7.84E-07,,,,
6.44E-07,6.83E-07,7.15E-07,7.34E-07,7.39E-07,7.57E-07,7.90E-07,7.88E-07,7.99E-07,8.30E-07,,,,
6.85E-07,7.22E-07,7.54E-07,7.74E-07,7.80E-07,7.97E-07,8.34E-07,8.34E-07,8.46E-07,8.71E-07,,,,
7.24E-07,7.63E-07,7.92E-07,8.15E-07,8.27E-07,8.36E-07,8.77E-07,8.75E-07,8.90E-07,9.16E-07,,,,
7.68E-07,8.09E-07,8.37E-07,8.55E-07,8.73E-07,8.79E-07,9.25E-07,9.25E-07,9.38E-07,9.62E-07,,,,
8.08E-07,8.52E-07,8.80E-07,8.98E-07,9.18E-07,9.24E-07,9.70E-07,9.70E-07,9.85E-07,1.01E-06,,,,
8.48E-07,9.00E-07,9.24E-07,9.45E-07,9.64E-07,9.69E-07,1.02E-06,1.01E-06,1.04E-06,1.05E-06,,,,
8.94E-07,9.45E-07,9.72E-07,9.92E-07,1.01E-06,1.02E-06,1.06E-06,1.06E-06,1.09E-06,1.10E-06,,,,
9.40E-07,9.93E-07,1.02E-06,1.04E-06,1.06E-06,1.06E-06,1.11E-06,1.11E-06,1.14E-06,1.15E-06,,,,
9.89E-07,1.04E-06,1.06E-06,1.08E-06,1.11E-06,1.11E-06,1.16E-06,1.16E-06,1.18E-06,1.20E-06,,,,
1.04E-06,1.09E-06,1.11E-06,1.13E-06,1.16E-06,1.16E-06,1.21E-06,1.21E-06,1.24E-06,1.26E-06,,,,
1.08E-06,1.13E-06,1.16E-06,1.18E-06,1.21E-06,1.22E-06,1.27E-06,1.27E-06,1.29E-06,1.31E-06,,,,
1.14E-06,1.18E-06,1.21E-06,1.23E-06,1.26E-06,1.27E-06,1.32E-06,1.32E-06,1.34E-06,1.37E-06,,,,
1.19E-06,1.24E-06,1.27E-06,1.29E-06,1.32E-06,1.33E-06,1.38E-06,1.38E-06,1.40E-06,1.43E-06,,,,
1.24E-06,1.29E-06,1.32E-06,1.35E-06,1.38E-06,1.39E-06,1.44E-06,1.44E-06,1.46E-06,1.49E-06,,,,
1.30E-06,1.35E-06,1.38E-06,1.40E-06,1.44E-06,1.45E-06,1.50E-06,1.50E-06,1.52E-06,1.55E-06,,,,
1.36E-06,1.40E-06,1.43E-06,1.46E-06,1.49E-06,1.51E-06,1.57E-06,1.56E-06,1.58E-06,1.61E-06,,,,
1.42E-06,1.47E-06,1.49E-06,1.52E-06,1.56E-06,1.57E-06,1.63E-06,1.62E-06,1.64E-06,1.68E-06,,,,
1.48E-06,1.52E-06,1.56E-06,1.58E-06,1.62E-06,1.64E-06,1.69E-06,1.68E-06,1.71E-06,1.75E-06,,,,
1.55E-06,1.59E-06,1.62E-06,1.65E-06,1.69E-06,1.70E-06,1.76E-06,1.75E-06,1.78E-06,1.81E-06,,,,
1.61E-06,1.66E-06,1.69E-06,1.72E-06,1.75E-06,1.77E-06,1.83E-06,1.82E-06,1.85E-06,1.88E-06,,,,
1.68E-06,1.73E-06,1.76E-06,1.79E-06,1.82E-06,1.84E-06,1.90E-06,1.89E-06,1.92E-06,1.95E-06,,,,
1.75E-06,1.80E-06,1.83E-06,1.86E-06,1.89E-06,1.91E-06,1.97E-06,1.97E-06,1.99E-06,2.02E-06,,,,
1.82E-06,1.87E-06,1.90E-06,1.93E-06,1.96E-06,1.98E-06,2.04E-06,2.04E-06,2.07E-06,2.10E-06,,,,
1.89E-06,1.94E-06,1.97E-06,2.00E-06,2.04E-06,2.06E-06,2.11E-06,2.11E-06,2.14E-06,2.18E-06,,,,
1.96E-06,2.01E-06,2.05E-06,2.07E-06,2.11E-06,2.13E-06,2.19E-06,2.19E-06,2.22E-06,2.25E-06,,,,
2.04E-06,2.09E-06,2.12E-06,2.15E-06,2.19E-06,2.20E-06,2.26E-06,2.28E-06,2.31E-06,2.34E-06,,,,
2.12E-06,2.17E-06,2.19E-06,2.23E-06,2.27E-06,2.29E-06,2.34E-06,2.35E-06,2.39E-06,2.41E-06,,,,
2.19E-06,2.24E-06,2.27E-06,2.30E-06,2.35E-06,2.37E-06,2.42E-06,2.43E-06,2.47E-06,2.50E-06,,,,
2.27E-06,2.32E-06,2.35E-06,2.38E-06,2.42E-06,2.45E-06,2.51E-06,2.53E-06,2.56E-06,2.59E-06,,,,
2.35E-06,2.40E-06,2.44E-06,2.47E-06,2.51E-06,2.54E-06,2.59E-06,2.61E-06,2.64E-06,2.67E-06,,,,
2.44E-06,2.48E-06,2.52E-06,2.55E-06,2.60E-06,2.63E-06,2.68E-06,2.69E-06,2.73E-06,2.76E-06,,,,
2.52E-06,2.57E-06,2.61E-06,2.63E-06,2.69E-06,2.72E-06,2.76E-06,2.76E-06,2.82E-06,2.83E-06,,,,
2.61E-06,2.66E-06,2.70E-06,2.73E-06,2.78E-06,2.82E-06,2.85E-06,2.86E-06,2.90E-06,2.93E-06,,,,
2.70E-06,2.76E-06,2.79E-06,2.81E-06,2.87E-06,2.90E-06,2.94E-06,2.96E-06,2.99E-06,3.02E-06,,,,
2.79E-06,2.86E-06,2.88E-06,2.90E-06,2.96E-06,3.00E-06,3.04E-06,3.05E-06,3.09E-06,3.12E-06,,,,
2.89E-06,2.96E-06,2.97E-06,2.99E-06,3.06E-06,3.10E-06,3.14E-06,3.15E-06,3.19E-06,3.23E-06,,,,
2.99E-06,3.06E-06,3.06E-06,3.09E-06,3.15E-06,3.19E-06,3.24E-06,3.24E-06,3.29E-06,3.33E-06,,,,
3.08E-06,3.17E-06,3.16E-06,3.19E-06,3.25E-06,3.29E-06,3.33E-06,3.34E-06,3.39E-06,3.43E-06,,,,
3.17E-06,3.27E-06,3.25E-06,3.29E-06,3.35E-06,3.39E-06,3.44E-06,3.45E-06,3.49E-06,3.54E-06,,,,
3.27E-06,3.37E-06,3.35E-06,3.39E-06,3.44E-06,3.50E-06,3.54E-06,3.55E-06,3.60E-06,3.64E-06,,,,
3.38E-06,3.47E-06,3.46E-06,3.49E-06,3.55E-06,3.60E-06,3.64E-06,3.66E-06,3.70E-06,3.75E-06,,,,
3.48E-06,3.58E-06,3.57E-06,3.59E-06,3.66E-06,3.70E-06,3.75E-06,3.76E-06,3.80E-06,3.86E-06,,,,
3.58E-06,3.68E-06,3.68E-06,3.70E-06,3.77E-06,3.81E-06,3.85E-06,3.86E-06,3.92E-06,3.97E-06,,,,
3.69E-06,3.79E-06,3.78E-06,3.81E-06,3.87E-06,3.92E-06,3.97E-06,3.97E-06,4.03E-06,4.08E-06,,,,
3.78E-06,3.89E-06,3.90E-06,3.92E-06,3.98E-06,4.03E-06,4.08E-06,4.09E-06,4.14E-06,4.18E-06,,,,
3.90E-06,4.00E-06,4.01E-06,4.03E-06,4.10E-06,4.15E-06,4.19E-06,4.21E-06,4.25E-06,4.30E-06,,,,
,,,,,,,,,,,,,
,,,,,,,,,,,,,
,,,,,,,,,,,,,
,,,,,,,,,,,,,
,,,,,,,,,,,,,
,,,,,,,,,,,,,
,,,,,,,,,,,,,
,,,,,,,,,,,,,
,,,,,,,,,,,,,
,,,,,,,,,,,,,
,,,,,,,,,,,,,
,,,,,,,,,,,,,
,,,,,,,,,,,,,
,,,,,,,,,,,,,
,,,,,,,,,,,,,
,,,,,,,,,,,,,
,,,,,,,,,,,,,
,,,,,,,,,,,,,
,,,,,,,,,,,,,
,,,,,,,,,,,,,
,,,,,,,,,,,,,
,,,,,,,,,,,,,
,,,,,,,,,,,,,
,,,,,,,,,,,,,
,,,,,,,,,,,,,
,,,,,,,,,,,,,
,,,,,,,,,,,,,
,,,,,,,,,,,,,
,,,,,,,,,,,,,
,,,,,,,,,,,,,
,,,,,,,,,,,,,
,,,,,,,,,,,,,
,,,,,,,,,,,,,
,,,,,,,,,,,,,
,,,,,,,,,,,,,
,,,,,,,,,,,,,
,,,,,,,,,,,,,
,,,,,,,,,,,,,
,,,,,,,,,,,,,
,,,,,,,,,,,,,
,,,,,,,,,,,,,
,,,,,,,,,,,,,
,,,,,,,,,,,,,
,,,,,,,,,,,,,
,,,,,,,,,,,,,
,,,,,,,,,,,,,
,,,,,,,,,,,,,
,,,,,,,,,,,,,
,,,,,,,,,,,,,
,,,,,,,,,,,,,
,,,,,,,,,,,,,
,,,,,,,,,,,,,
,,,,,,,,,,,,,
,,,,,,,,,,,,,
,,,,,,,,,,,,,
,,,,,,,,,,,,,
,,,,,,,,,,,,,
,,,,,,,,,,,,,
,,,,,,,,,,,,,
,,,,,,,,,,,,,
,,,,,,,,,,,,,
,,,,,,,,,,,,,
,,,,,,,,,,,,,
,,,,,,,,,,,,,
,,,,,,,,,,,,,
,,,,,,,,,,,,,
,,,,,,,,,,,,,
,,,,,,,,,,,,,
,,,,,,,,,,,,,
,,,,,,,,,,,,,
,,,,,,,,,,,,,
,,,,,,,,,,,,,
,,,,,,,,,,,,,
,,,,,,,,,,,,,
,,,,,,,,,,,,,
,,,,,,,,,,,,,
,,,,,,,,,,,,,
,,,,,,,,,,,,,
,,,,,,,,,,,,,
,,,,,,,,,,,,,
,,,,,,,,,,,,,
,,,,,,,,,,,,,
,,,,,,,,,,,,,
,,,,,,,,,,,,,
,,,,,,,,,,,,,
,,,,,,,,,,,,,
,,,,,,,,,,,,,
,,,,,,,,,,,,,
,,,,,,,,,,,,,
,,,,,,,,,,,,,
,,,,,,,,,,,,,
,,,,,,,,,,,,,
,,,,,,,,,,,,,
,,,,,,,,,,,,,
,,,,,,,,,,,,,
,,,,,,,,,,,,,
,,,,,,,,,,,,,
,,,,,,,,,,,,,
,,,,,,,,,,,,,
,,,,,,,,,,,,,